crop,NAME,SCIENTNAME,TMIN,TOPMN,TOPMX,TMAX,PHMIN,PHOPMN,PHOPMX,PHMAX
Tomato,Tomato,Lycopersicon esculentum M.,7.0,20.0,27.0,35.0,5.0,5.5,6.8,7.5
Okra,"Okra, lady fingers",Abelmoschus esculentus (L.),12.0,20.0,30.0,35.0,4.5,5.5,7.0,8.7
Alugbati,Ceylon spinach,Basella alba L.,10.0,23.0,27.0,35.0,4.3,5.5,7.0,7.5
Potato,Potato,Solanum tuberosum L.,7.0,15.0,25.0,30.0,4.2,5.0,6.2,8.5
Rice,"Rice, paddy (Indica)",Oryza sativa L. s. indica,16.0,25.0,35.0,38.0,3.5,5.0,8.0,9.0
Corn,Maize,Zea mays L. s. mays,10.0,18.0,33.0,47.0,4.5,5.0,7.0,8.5
Eggplant,Eggplant,Solanum melongena L.,9.0,20.0,35.0,40.0,4.3,5.5,6.8,8.5
Cucumber,Cucumber,Cucumis sativus L.,6.0,18.0,32.0,38.0,4.5,6.0,7.5,8.7
Cabbage,Cabbage,Brassica oleracea L.v capi.,7.0,15.0,24.0,32.0,5.0,6.0,7.5,8.3
Sweet Potato,Sweet potato,Ipomoea batatas (L.) Lam.,10.0,18.0,28.0,38.0,4.0,5.0,7.0,8.0
Lettuce,Lettuce,Lactuca sativa L.,5.0,12.0,21.0,30.0,4.2,6.0,7.0,7.5
Spinach,Spinach,Spinacia oleracea L.,2.0,13.0,20.0,27.0,5.3,6.0,7.5,8.3
